,Name,ND.T,signal,rep
1,pNK005_none,1,76.7,2
2,pNK005_none,2,72.154,2
3,pNK005_none,3,67.952,2
4,pNK005_none,4,68.342,2
5,pNK005_none,5,65.534,2
6,pNK005_none,6,68.17,2
7,pNK005_none,7,71.772,2
8,pNK005_none,8,72.996,2
9,pNK005_none,9,76.72,2
10,pNK005_none,10,76.668,2
11,pNK005_none,11,79.528,2
12,pNK005_none,12,82.242,2
13,pNK005_none,13,81.802,2
14,pNK005_none,14,83.43,2
15,pNK005_none,15,83.21,2
16,pNK005_none,16,87.174,2
17,pNK005_none,17,87.094,2
18,pNK005_none,18,90.398,2
19,pNK005_none,19,90.174,2
20,pNK005_none,20,91.908,2
21,pNK005_none,21,89.94,2
22,pNK005_none,22,89.108,2
23,pNK005_none,23,88.202,2
24,pNK005_none,24,91.796,2
25,pNK005_none,25,91.744,2
26,pNK005_none,26,94.132,2
27,pNK005_none,27,95.402,2
28,pNK005_none,28,95.712,2
29,pNK005_none,29,94.56,2
30,pNK005_none,30,95.18,2
31,pNK005_none,31,101.242,2
32,pNK005_none,32,107.884,2
33,pNK005_none,33,159.758,2
34,pNK005_none,34,141.472,2
35,pNK005_none,35,168.982,2
36,pNK005_none,36,165.954,2
37,pNK005_none,37,244.428,2
38,pNK005_none,38,268.498,2
39,pNK005_none,39,311.148,2
40,pNK005_none,40,389.306,2
41,pNK005_none,41,439.276,2
42,pNK005_none,42,477.29,2
43,pNK005_none,43,498.474,2
44,pNK005_none,44,501.41,2
45,pNK005_none,45,494.588,2
46,pNK005_none,46,479.614,2
47,pNK005_none,47,476.83,2
48,pNK005_none,48,498.448,2
49,pNK005_none,49,539.65,2
50,pNK005_none,50,589.828,2
51,pNK005_none,51,644.95,2
52,pNK005_none,52,694.35,2
53,pNK005_none,53,735.936,2
54,pNK005_none,54,773.734,2
55,pNK005_none,55,803.264,2
56,pNK005_none,56,824.138,2
57,pNK005_none,57,841.938,2
58,pNK005_none,58,852.544,2
59,pNK005_none,59,861.834,2
60,pNK005_none,60,862.402,2
61,pNK005_none,61,862.546,2
62,pNK005_none,62,855.284,2
63,pNK005_none,63,849.724,2
64,pNK005_none,64,839.996,2
65,pNK005_none,65,827.436,2
66,pNK005_none,66,811.302,2
67,pNK005_none,67,790.148,2
68,pNK005_none,68,768.546,2
69,pNK005_none,69,748.78,2
70,pNK005_none,70,726.222,2
71,pNK005_none,71,706.174,2
72,pNK005_none,72,680.542,2
73,pNK005_none,73,663.324,2
74,pNK005_none,74,642.496,2
75,pNK005_none,75,617.882,2
76,pNK005_none,76,597.936,2
77,pNK005_none,77,576.756,2
78,pNK005_none,78,554.202,2
79,pNK005_none,79,532.65,2
80,pNK005_none,80,515.78,2
81,pNK005_none,81,494.342,2
82,pNK005_none,82,478.424,2
83,pNK005_none,83,458.78,2
84,pNK005_none,84,442.4,2
85,pNK005_none,85,425.836,2
86,pNK005_none,86,413.338,2
87,pNK005_none,87,399.122,2
88,pNK005_none,88,383.932,2
89,pNK005_none,89,373.454,2
90,pNK005_none,90,362.356,2
91,pNK005_none,91,349.356,2
92,pNK005_none,92,342.182,2
93,pNK005_none,93,330.494,2
94,pNK005_none,94,320.332,2
95,pNK005_none,95,312.028,2
96,pNK005_none,96,303.772,2
97,pNK005_none,97,294.484,2
98,pNK005_none,98,284.998,2
99,pNK005_none,99,277.526,2
100,pNK005_none,100,272.15,2
101,pNK005_none,101,262.796,2
102,pNK005_none,102,257.352,2
103,pNK005_none,103,251.554,2
104,pNK005_none,104,245.006,2
105,pNK005_none,105,241.974,2
106,pNK005_none,106,240.304,2
107,pNK005_none,107,235.12,2
108,pNK005_none,108,231.28,2
109,pNK005_none,109,226.726,2
110,pNK005_none,110,224.298,2
111,pNK005_none,111,219.8,2
112,pNK005_none,112,217.054,2
113,pNK005_none,113,214.602,2
114,pNK005_none,114,212.508,2
115,pNK005_none,115,214.12,2
116,pNK005_none,116,206.442,2
117,pNK005_none,117,206.122,2
118,pNK005_none,118,202.51,2
119,pNK005_none,119,200.946,2
120,pNK005_none,120,198.708,2
121,pNK005_none,121,197.836,2
122,pNK005_none,122,198.108,2
123,pNK005_none,123,196.968,2
124,pNK005_none,124,196.914,2
125,pNK005_none,125,194.446,2
126,pNK005_none,126,193.912,2
127,pNK005_none,127,193.25,2
128,pNK005_none,128,190.584,2
129,pNK005_none,129,190.07,2
130,pNK005_none,130,190.354,2
131,pNK005_none,131,188.974,2
132,pNK005_none,132,189.36,2
133,pNK005_none,133,184.918,2
134,pNK005_none,134,186.146,2
135,pNK005_none,135,183.618,2
136,pNK005_none,136,186.464,2
137,pNK005_none,137,184.572,2
138,pNK005_none,138,183.852,2
139,pNK005_none,139,184.812,2
140,pNK005_none,140,184.492,2
141,pNK005_none,141,183.758,2
142,pNK005_none,142,183.422,2
143,pNK005_none,143,182.802,2
144,pNK005_none,144,186.112,2
145,pNK005_none,145,184.45,2
146,pNK005_none,146,186.988,2
147,pNK005_none,147,186.836,2
148,pNK005_none,148,187.09,2
149,pNK005_none,149,184.732,2
150,pNK005_none,150,186.886,2
151,pNK005_none,151,186.416,2
152,pNK005_none,152,183.146,2
153,pNK005_none,153,185.208,2
154,pNK005_none,154,186.778,2
155,pNK005_none,155,189.586,2
156,pNK005_none,156,189.062,2
157,pNK005_none,157,198.84,2
158,pNK005_none,158,189.542,2
159,pNK005_none,159,190.32,2
160,pNK005_none,160,190.142,2
161,pNK005_none,161,190.958,2
162,pNK005_none,162,191.132,2
163,pNK005_none,163,190.964,2
164,pNK005_none,164,191.474,2
165,pNK005_none,165,191.058,2
166,pNK005_none,166,191.552,2
167,pNK005_none,167,188.672,2
168,pNK005_none,168,192.348,2
169,pNK005_none,169,191.446,2
170,pNK005_none,170,190.866,2
171,pNK005_none,171,189.866,2
172,pNK005_none,172,190.636,2
173,pNK005_none,173,191.698,2
174,pNK005_none,174,190.288,2
175,pNK005_none,175,194.924,2
176,pNK005_none,176,192.448,2
177,pNK005_none,177,194.29,2
178,pNK005_none,178,194.014,2
179,pNK005_none,179,196.482,2
180,pNK005_none,180,195.054,2
181,pNK005_none,181,197.82,2
182,pNK005_cch,1,314.618,2
183,pNK005_cch,2,314.518,2
184,pNK005_cch,3,316.238,2
185,pNK005_cch,4,317.876,2
186,pNK005_cch,5,324.11,2
187,pNK005_cch,6,330.186,2
188,pNK005_cch,7,333.994,2
189,pNK005_cch,8,334.394,2
190,pNK005_cch,9,334.602,2
191,pNK005_cch,10,336.468,2
192,pNK005_cch,11,333.4,2
193,pNK005_cch,12,335.498,2
194,pNK005_cch,13,333.248,2
195,pNK005_cch,14,330.874,2
196,pNK005_cch,15,325.212,2
197,pNK005_cch,16,320.618,2
198,pNK005_cch,17,319.562,2
199,pNK005_cch,18,315.948,2
200,pNK005_cch,19,315.918,2
201,pNK005_cch,20,312.244,2
202,pNK005_cch,21,310.122,2
203,pNK005_cch,22,313.446,2
204,pNK005_cch,23,314.26,2
205,pNK005_cch,24,318.782,2
206,pNK005_cch,25,319.064,2
207,pNK005_cch,26,321.406,2
208,pNK005_cch,27,325.658,2
209,pNK005_cch,28,328.75,2
210,pNK005_cch,29,333.002,2
211,pNK005_cch,30,331.894,2
212,pNK005_cch,31,335.926,2
213,pNK005_cch,32,297.074,2
214,pNK005_cch,33,176.64,2
215,pNK005_cch,34,306.542,2
216,pNK005_cch,35,221.272,2
217,pNK005_cch,36,546.042,2
218,pNK005_cch,37,828.088,2
219,pNK005_cch,38,930.968,2
220,pNK005_cch,39,1011.068,2
221,pNK005_cch,40,1051.952,2
222,pNK005_cch,41,1055.798,2
223,pNK005_cch,42,1107.436,2
224,pNK005_cch,43,1186.092,2
225,pNK005_cch,44,1244.124,2
226,pNK005_cch,45,1280.554,2
227,pNK005_cch,46,1302.336,2
228,pNK005_cch,47,1329.764,2
229,pNK005_cch,48,1352.608,2
230,pNK005_cch,49,1431.394,2
231,pNK005_cch,50,1516.272,2
232,pNK005_cch,51,1577.05,2
233,pNK005_cch,52,1578.124,2
234,pNK005_cch,53,1553.688,2
235,pNK005_cch,54,1495.006,2
236,pNK005_cch,55,1444.254,2
237,pNK005_cch,56,1428.83,2
238,pNK005_cch,57,1427.648,2
239,pNK005_cch,58,1422.438,2
240,pNK005_cch,59,1417.6,2
241,pNK005_cch,60,1407.806,2
242,pNK005_cch,61,1400.898,2
243,pNK005_cch,62,1395.09,2
244,pNK005_cch,63,1390.234,2
245,pNK005_cch,64,1387.466,2
246,pNK005_cch,65,1381.23,2
247,pNK005_cch,66,1376.618,2
248,pNK005_cch,67,1367.84,2
249,pNK005_cch,68,1360.366,2
250,pNK005_cch,69,1350.182,2
251,pNK005_cch,70,1339.016,2
252,pNK005_cch,71,1326.138,2
253,pNK005_cch,72,1314.954,2
254,pNK005_cch,73,1304.752,2
255,pNK005_cch,74,1292.576,2
256,pNK005_cch,75,1279.854,2
257,pNK005_cch,76,1270.73,2
258,pNK005_cch,77,1257.466,2
259,pNK005_cch,78,1242.872,2
260,pNK005_cch,79,1233.984,2
261,pNK005_cch,80,1220.428,2
262,pNK005_cch,81,1210.484,2
263,pNK005_cch,82,1202.546,2
264,pNK005_cch,83,1192.342,2
265,pNK005_cch,84,1186.5,2
266,pNK005_cch,85,1175.884,2
267,pNK005_cch,86,1166.462,2
268,pNK005_cch,87,1157.706,2
269,pNK005_cch,88,1145.718,2
270,pNK005_cch,89,1141.278,2
271,pNK005_cch,90,1128.056,2
272,pNK005_cch,91,1121.192,2
273,pNK005_cch,92,1109.744,2
274,pNK005_cch,93,1102.776,2
275,pNK005_cch,94,1094.814,2
276,pNK005_cch,95,1087.608,2
277,pNK005_cch,96,1075.924,2
278,pNK005_cch,97,1067.54,2
279,pNK005_cch,98,1060.654,2
280,pNK005_cch,99,1053.27,2
281,pNK005_cch,100,1043.634,2
282,pNK005_cch,101,1040.654,2
283,pNK005_cch,102,1033.05,2
284,pNK005_cch,103,1026.238,2
285,pNK005_cch,104,1017.554,2
286,pNK005_cch,105,1011.948,2
287,pNK005_cch,106,1005.072,2
288,pNK005_cch,107,1003.028,2
289,pNK005_cch,108,995.168,2
290,pNK005_cch,109,987.51,2
291,pNK005_cch,110,984.052,2
292,pNK005_cch,111,976.692,2
293,pNK005_cch,112,968.978,2
294,pNK005_cch,113,964.784,2
295,pNK005_cch,114,960.558,2
296,pNK005_cch,115,953.924,2
297,pNK005_cch,116,947.454,2
298,pNK005_cch,117,939.438,2
299,pNK005_cch,118,937.122,2
300,pNK005_cch,119,931.082,2
301,pNK005_cch,120,925.23,2
302,pNK005_cch,121,916.602,2
303,pNK005_cch,122,915.07,2
304,pNK005_cch,123,907.24,2
305,pNK005_cch,124,901.236,2
306,pNK005_cch,125,896.95,2
307,pNK005_cch,126,892.292,2
308,pNK005_cch,127,886.808,2
309,pNK005_cch,128,881.478,2
310,pNK005_cch,129,879.762,2
311,pNK005_cch,130,870.75,2
312,pNK005_cch,131,864.842,2
313,pNK005_cch,132,861.242,2
314,pNK005_cch,133,856.316,2
315,pNK005_cch,134,849.232,2
316,pNK005_cch,135,848.074,2
317,pNK005_cch,136,844.434,2
318,pNK005_cch,137,841.98,2
319,pNK005_cch,138,837.52,2
320,pNK005_cch,139,831.74,2
321,pNK005_cch,140,829.254,2
322,pNK005_cch,141,824.718,2
323,pNK005_cch,142,820.444,2
324,pNK005_cch,143,815.398,2
325,pNK005_cch,144,810.262,2
326,pNK005_cch,145,809.674,2
327,pNK005_cch,146,801.518,2
328,pNK005_cch,147,797.09,2
329,pNK005_cch,148,794.422,2
330,pNK005_cch,149,788.546,2
331,pNK005_cch,150,783.202,2
332,pNK005_cch,151,780.11,2
333,pNK005_cch,152,775.882,2
334,pNK005_cch,153,775.314,2
335,pNK005_cch,154,769.342,2
336,pNK005_cch,155,764.094,2
337,pNK005_cch,156,760.264,2
338,pNK005_cch,157,755.094,2
339,pNK005_cch,158,754.828,2
340,pNK005_cch,159,751.214,2
341,pNK005_cch,160,748.558,2
342,pNK005_cch,161,744.956,2
343,pNK005_cch,162,741.822,2
344,pNK005_cch,163,736.996,2
345,pNK005_cch,164,737.118,2
346,pNK005_cch,165,731.498,2
347,pNK005_cch,166,727.492,2
348,pNK005_cch,167,726.148,2
349,pNK005_cch,168,720.046,2
350,pNK005_cch,169,717.478,2
351,pNK005_cch,170,714.118,2
352,pNK005_cch,171,710.368,2
353,pNK005_cch,172,706.238,2
354,pNK005_cch,173,706.7,2
355,pNK005_cch,174,700.678,2
356,pNK005_cch,175,698.084,2
357,pNK005_cch,176,695.172,2
358,pNK005_cch,177,690.04,2
359,pNK005_cch,178,687.952,2
360,pNK005_cch,179,684.264,2
361,pNK005_cch,180,679.794,2
362,pNK005_cch,181,679.548,2
363,pNK005_ionomycin,1,225.388,2
364,pNK005_ionomycin,2,234.962,2
365,pNK005_ionomycin,3,239.404,2
366,pNK005_ionomycin,4,241.178,2
367,pNK005_ionomycin,5,245.28,2
368,pNK005_ionomycin,6,248.56,2
369,pNK005_ionomycin,7,247.224,2
370,pNK005_ionomycin,8,248.668,2
371,pNK005_ionomycin,9,247.72,2
372,pNK005_ionomycin,10,247.396,2
373,pNK005_ionomycin,11,243.522,2
374,pNK005_ionomycin,12,242.628,2
375,pNK005_ionomycin,13,242.128,2
376,pNK005_ionomycin,14,242.304,2
377,pNK005_ionomycin,15,241.898,2
378,pNK005_ionomycin,16,242.866,2
379,pNK005_ionomycin,17,242.8,2
380,pNK005_ionomycin,18,248.094,2
381,pNK005_ionomycin,19,244.058,2
382,pNK005_ionomycin,20,246.898,2
383,pNK005_ionomycin,21,248.49,2
384,pNK005_ionomycin,22,248.144,2
385,pNK005_ionomycin,23,252.48,2
386,pNK005_ionomycin,24,253.362,2
387,pNK005_ionomycin,25,250.68,2
388,pNK005_ionomycin,26,250.856,2
389,pNK005_ionomycin,27,251.488,2
390,pNK005_ionomycin,28,253.662,2
391,pNK005_ionomycin,29,256.458,2
392,pNK005_ionomycin,30,253.2,2
393,pNK005_ionomycin,31,257.336,2
394,pNK005_ionomycin,32,255.886,2
395,pNK005_ionomycin,33,284.518,2
396,pNK005_ionomycin,34,316.126,2
397,pNK005_ionomycin,35,1348.138,2
398,pNK005_ionomycin,36,1911.208,2
399,pNK005_ionomycin,37,2464.778,2
400,pNK005_ionomycin,38,2613.022,2
401,pNK005_ionomycin,39,2702.662,2
402,pNK005_ionomycin,40,2775.362,2
403,pNK005_ionomycin,41,2826.358,2
404,pNK005_ionomycin,42,2864.826,2
405,pNK005_ionomycin,43,2886.392,2
406,pNK005_ionomycin,44,2899.246,2
407,pNK005_ionomycin,45,2907.408,2
408,pNK005_ionomycin,46,2910.456,2
409,pNK005_ionomycin,47,2913.394,2
410,pNK005_ionomycin,48,2912.89,2
411,pNK005_ionomycin,49,2907.696,2
412,pNK005_ionomycin,50,2901.518,2
413,pNK005_ionomycin,51,2901.962,2
414,pNK005_ionomycin,52,2887.892,2
415,pNK005_ionomycin,53,2883.346,2
416,pNK005_ionomycin,54,2874.726,2
417,pNK005_ionomycin,55,2867.758,2
418,pNK005_ionomycin,56,2858.012,2
419,pNK005_ionomycin,57,2851.56,2
420,pNK005_ionomycin,58,2843.65,2
421,pNK005_ionomycin,59,2831.392,2
422,pNK005_ionomycin,60,2823.44,2
423,pNK005_ionomycin,61,2813.666,2
424,pNK005_ionomycin,62,2801.632,2
425,pNK005_ionomycin,63,2790.83,2
426,pNK005_ionomycin,64,2779.868,2
427,pNK005_ionomycin,65,2768.068,2
428,pNK005_ionomycin,66,2756.51,2
429,pNK005_ionomycin,67,2748.348,2
430,pNK005_ionomycin,68,2734.862,2
431,pNK005_ionomycin,69,2726.506,2
432,pNK005_ionomycin,70,2714.966,2
433,pNK005_ionomycin,71,2704.338,2
434,pNK005_ionomycin,72,2693.074,2
435,pNK005_ionomycin,73,2681.84,2
436,pNK005_ionomycin,74,2671.184,2
437,pNK005_ionomycin,75,2657.652,2
438,pNK005_ionomycin,76,2644.83,2
439,pNK005_ionomycin,77,2631.434,2
440,pNK005_ionomycin,78,2622.622,2
441,pNK005_ionomycin,79,2610.164,2
442,pNK005_ionomycin,80,2598.304,2
443,pNK005_ionomycin,81,2586.908,2
444,pNK005_ionomycin,82,2576.64,2
445,pNK005_ionomycin,83,2565.504,2
446,pNK005_ionomycin,84,2554.938,2
447,pNK005_ionomycin,85,2542.676,2
448,pNK005_ionomycin,86,2530.448,2
449,pNK005_ionomycin,87,2517.578,2
450,pNK005_ionomycin,88,2505.738,2
451,pNK005_ionomycin,89,2493.096,2
452,pNK005_ionomycin,90,2482.57,2
453,pNK005_ionomycin,91,2471.81,2
454,pNK005_ionomycin,92,2460.796,2
455,pNK005_ionomycin,93,2452.912,2
456,pNK005_ionomycin,94,2441.6,2
457,pNK005_ionomycin,95,2430.91,2
458,pNK005_ionomycin,96,2415.166,2
459,pNK005_ionomycin,97,2410.336,2
460,pNK005_ionomycin,98,2398.102,2
461,pNK005_ionomycin,99,2386.2,2
462,pNK005_ionomycin,100,2374.23,2
463,pNK005_ionomycin,101,2365.688,2
464,pNK005_ionomycin,102,2355.71,2
465,pNK005_ionomycin,103,2346.568,2
466,pNK005_ionomycin,104,2336.18,2
467,pNK005_ionomycin,105,2329.438,2
468,pNK005_ionomycin,106,2318.516,2
469,pNK005_ionomycin,107,2307.948,2
470,pNK005_ionomycin,108,2297.472,2
471,pNK005_ionomycin,109,2291.026,2
472,pNK005_ionomycin,110,2277.968,2
473,pNK005_ionomycin,111,2266.734,2
474,pNK005_ionomycin,112,2258.818,2
475,pNK005_ionomycin,113,2248.616,2
476,pNK005_ionomycin,114,2238.156,2
477,pNK005_ionomycin,115,2232.444,2
478,pNK005_ionomycin,116,2220.21,2
479,pNK005_ionomycin,117,2211.068,2
480,pNK005_ionomycin,118,2204.494,2
481,pNK005_ionomycin,119,2194.836,2
482,pNK005_ionomycin,120,2184.408,2
483,pNK005_ionomycin,121,2178.806,2
484,pNK005_ionomycin,122,2168.148,2
485,pNK005_ionomycin,123,2158.432,2
486,pNK005_ionomycin,124,2150.128,2
487,pNK005_ionomycin,125,2141.61,2
488,pNK005_ionomycin,126,2134.82,2
489,pNK005_ionomycin,127,2123.374,2
490,pNK005_ionomycin,128,2113.252,2
491,pNK005_ionomycin,129,2104.19,2
492,pNK005_ionomycin,130,2096.836,2
493,pNK005_ionomycin,131,2087.796,2
494,pNK005_ionomycin,132,2083.748,2
495,pNK005_ionomycin,133,2072.792,2
496,pNK005_ionomycin,134,2063.426,2
497,pNK005_ionomycin,135,2055.244,2
498,pNK005_ionomycin,136,2046.974,2
499,pNK005_ionomycin,137,2036.302,2
500,pNK005_ionomycin,138,2026.156,2
501,pNK005_ionomycin,139,2020.002,2
502,pNK005_ionomycin,140,2008.488,2
503,pNK005_ionomycin,141,2001.234,2
504,pNK005_ionomycin,142,1992.492,2
505,pNK005_ionomycin,143,1982.714,2
506,pNK005_ionomycin,144,1975.798,2
507,pNK005_ionomycin,145,1969.358,2
508,pNK005_ionomycin,146,1960.744,2
509,pNK005_ionomycin,147,1953.586,2
510,pNK005_ionomycin,148,1944.892,2
511,pNK005_ionomycin,149,1939.85,2
512,pNK005_ionomycin,150,1929.786,2
513,pNK005_ionomycin,151,1922.06,2
514,pNK005_ionomycin,152,1914.698,2
515,pNK005_ionomycin,153,1905.328,2
516,pNK005_ionomycin,154,1900.318,2
517,pNK005_ionomycin,155,1893.568,2
518,pNK005_ionomycin,156,1887.858,2
519,pNK005_ionomycin,157,1878.288,2
520,pNK005_ionomycin,158,1873.808,2
521,pNK005_ionomycin,159,1866.234,2
522,pNK005_ionomycin,160,1860.956,2
523,pNK005_ionomycin,161,1853.588,2
524,pNK005_ionomycin,162,1847.912,2
525,pNK005_ionomycin,163,1843.716,2
526,pNK005_ionomycin,164,1834.194,2
527,pNK005_ionomycin,165,1829.692,2
528,pNK005_ionomycin,166,1824.038,2
529,pNK005_ionomycin,167,1816.43,2
530,pNK005_ionomycin,168,1811.46,2
531,pNK005_ionomycin,169,1806.708,2
532,pNK005_ionomycin,170,1799.896,2
533,pNK005_ionomycin,171,1797.684,2
534,pNK005_ionomycin,172,1790.256,2
535,pNK005_ionomycin,173,1784.126,2
536,pNK005_ionomycin,174,1777.48,2
537,pNK005_ionomycin,175,1773.008,2
538,pNK005_ionomycin,176,1769.204,2
539,pNK005_ionomycin,177,1762.608,2
540,pNK005_ionomycin,178,1760.522,2
541,pNK005_ionomycin,179,1758.052,2
542,pNK005_ionomycin,180,1753.326,2
543,pNK005_ionomycin,181,1749.84,2
544,pNK013_none,1,20.866,2
545,pNK013_none,2,29.28,2
546,pNK013_none,3,32.436,2
547,pNK013_none,4,38.238,2
548,pNK013_none,5,40.856,2
549,pNK013_none,6,42.93,2
550,pNK013_none,7,45.02,2
551,pNK013_none,8,42.53,2
552,pNK013_none,9,43.792,2
553,pNK013_none,10,42.704,2
554,pNK013_none,11,43.89,2
555,pNK013_none,12,44.108,2
556,pNK013_none,13,44.528,2
557,pNK013_none,14,49.274,2
558,pNK013_none,15,51.026,2
559,pNK013_none,16,51.716,2
560,pNK013_none,17,57.21,2
561,pNK013_none,18,58.234,2
562,pNK013_none,19,62.634,2
563,pNK013_none,20,65.288,2
564,pNK013_none,21,68.202,2
565,pNK013_none,22,67.954,2
566,pNK013_none,23,68.546,2
567,pNK013_none,24,71.066,2
568,pNK013_none,25,70.604,2
569,pNK013_none,26,73.946,2
570,pNK013_none,27,72.96,2
571,pNK013_none,28,73.94,2
572,pNK013_none,29,73.924,2
573,pNK013_none,30,77.002,2
574,pNK013_none,31,75.08,2
575,pNK013_none,32,74.57,2
576,pNK013_none,33,301.926,2
577,pNK013_none,34,213.452,2
578,pNK013_none,35,277.5,2
579,pNK013_none,36,245.134,2
580,pNK013_none,37,185.126,2
581,pNK013_none,38,146.66,2
582,pNK013_none,39,173.694,2
583,pNK013_none,40,226.934,2
584,pNK013_none,41,260.354,2
585,pNK013_none,42,242.1,2
586,pNK013_none,43,200.612,2
587,pNK013_none,44,171.274,2
588,pNK013_none,45,165.93,2
589,pNK013_none,46,205.246,2
590,pNK013_none,47,286.058,2
591,pNK013_none,48,366.42,2
592,pNK013_none,49,430.274,2
593,pNK013_none,50,477.652,2
594,pNK013_none,51,516.446,2
595,pNK013_none,52,550.906,2
596,pNK013_none,53,589.118,2
597,pNK013_none,54,619.298,2
598,pNK013_none,55,648.876,2
599,pNK013_none,56,680.45,2
600,pNK013_none,57,714.452,2
601,pNK013_none,58,741.18,2
602,pNK013_none,59,760.426,2
603,pNK013_none,60,780.622,2
604,pNK013_none,61,804.102,2
605,pNK013_none,62,827.398,2
606,pNK013_none,63,849.672,2
607,pNK013_none,64,870.732,2
608,pNK013_none,65,886.69,2
609,pNK013_none,66,904.372,2
610,pNK013_none,67,916.884,2
611,pNK013_none,68,929.184,2
612,pNK013_none,69,937.252,2
613,pNK013_none,70,943.63,2
614,pNK013_none,71,945.052,2
615,pNK013_none,72,944.348,2
616,pNK013_none,73,942.582,2
617,pNK013_none,74,940.49,2
618,pNK013_none,75,936.662,2
619,pNK013_none,76,928.186,2
620,pNK013_none,77,918.722,2
621,pNK013_none,78,905.608,2
622,pNK013_none,79,894.832,2
623,pNK013_none,80,880.142,2
624,pNK013_none,81,865.826,2
625,pNK013_none,82,852.628,2
626,pNK013_none,83,837.226,2
627,pNK013_none,84,820.73,2
628,pNK013_none,85,804.566,2
629,pNK013_none,86,787.224,2
630,pNK013_none,87,770.612,2
631,pNK013_none,88,754.156,2
632,pNK013_none,89,733.852,2
633,pNK013_none,90,716.076,2
634,pNK013_none,91,694.992,2
635,pNK013_none,92,680.558,2
636,pNK013_none,93,659.294,2
637,pNK013_none,94,639.216,2
638,pNK013_none,95,619.082,2
639,pNK013_none,96,599.35,2
640,pNK013_none,97,577.194,2
641,pNK013_none,98,560.572,2
642,pNK013_none,99,544.322,2
643,pNK013_none,100,527.096,2
644,pNK013_none,101,506.548,2
645,pNK013_none,102,491.682,2
646,pNK013_none,103,473.238,2
647,pNK013_none,104,454.278,2
648,pNK013_none,105,437.82,2
649,pNK013_none,106,421.222,2
650,pNK013_none,107,405.016,2
651,pNK013_none,108,389.014,2
652,pNK013_none,109,373.524,2
653,pNK013_none,110,361.272,2
654,pNK013_none,111,347.468,2
655,pNK013_none,112,333.372,2
656,pNK013_none,113,319.882,2
657,pNK013_none,114,310.262,2
658,pNK013_none,115,296.514,2
659,pNK013_none,116,281.048,2
660,pNK013_none,117,272.902,2
661,pNK013_none,118,262.754,2
662,pNK013_none,119,255.26,2
663,pNK013_none,120,246.526,2
664,pNK013_none,121,240.122,2
665,pNK013_none,122,232.196,2
666,pNK013_none,123,227.53,2
667,pNK013_none,124,221.852,2
668,pNK013_none,125,217.644,2
669,pNK013_none,126,215.106,2
670,pNK013_none,127,209.882,2
671,pNK013_none,128,205.282,2
672,pNK013_none,129,200.524,2
673,pNK013_none,130,195.99,2
674,pNK013_none,131,195.19,2
675,pNK013_none,132,190.254,2
676,pNK013_none,133,186.434,2
677,pNK013_none,134,181.752,2
678,pNK013_none,135,180.992,2
679,pNK013_none,136,175.178,2
680,pNK013_none,137,171.518,2
681,pNK013_none,138,166.334,2
682,pNK013_none,139,164.94,2
683,pNK013_none,140,161.858,2
684,pNK013_none,141,162.08,2
685,pNK013_none,142,159.468,2
686,pNK013_none,143,158.032,2
687,pNK013_none,144,154.724,2
688,pNK013_none,145,155.358,2
689,pNK013_none,146,154.21,2
690,pNK013_none,147,153.07,2
691,pNK013_none,148,152.778,2
692,pNK013_none,149,153.07,2
693,pNK013_none,150,153.602,2
694,pNK013_none,151,153.778,2
695,pNK013_none,152,153.21,2
696,pNK013_none,153,153.308,2
697,pNK013_none,154,152.648,2
698,pNK013_none,155,152.018,2
699,pNK013_none,156,148.344,2
700,pNK013_none,157,146.53,2
701,pNK013_none,158,144.796,2
702,pNK013_none,159,144.752,2
703,pNK013_none,160,142.846,2
704,pNK013_none,161,140.95,2
705,pNK013_none,162,139.274,2
706,pNK013_none,163,138.168,2
707,pNK013_none,164,136.982,2
708,pNK013_none,165,136.186,2
709,pNK013_none,166,134.706,2
710,pNK013_none,167,134.084,2
711,pNK013_none,168,136.29,2
712,pNK013_none,169,133.876,2
713,pNK013_none,170,136.19,2
714,pNK013_none,171,135.458,2
715,pNK013_none,172,136.266,2
716,pNK013_none,173,135.784,2
717,pNK013_none,174,137.558,2
718,pNK013_none,175,137.932,2
719,pNK013_none,176,137.86,2
720,pNK013_none,177,138.172,2
721,pNK013_none,178,138.77,2
722,pNK013_none,179,138.35,2
723,pNK013_none,180,134.172,2
724,pNK013_none,181,134.988,2
725,pNK013_cch,1,64.172,2
726,pNK013_cch,2,61.036,2
727,pNK013_cch,3,59.722,2
728,pNK013_cch,4,57.454,2
729,pNK013_cch,5,54.494,2
730,pNK013_cch,6,50.246,2
731,pNK013_cch,7,51.244,2
732,pNK013_cch,8,52.18,2
733,pNK013_cch,9,47.488,2
734,pNK013_cch,10,49.56,2
735,pNK013_cch,11,51.028,2
736,pNK013_cch,12,48.708,2
737,pNK013_cch,13,48.458,2
738,pNK013_cch,14,43.61,2
739,pNK013_cch,15,44.076,2
740,pNK013_cch,16,41.796,2
741,pNK013_cch,17,43.984,2
742,pNK013_cch,18,42.508,2
743,pNK013_cch,19,41.598,2
744,pNK013_cch,20,40.932,2
745,pNK013_cch,21,43.178,2
746,pNK013_cch,22,44.126,2
747,pNK013_cch,23,40.458,2
748,pNK013_cch,24,42.782,2
749,pNK013_cch,25,45.06,2
750,pNK013_cch,26,44.536,2
751,pNK013_cch,27,65.792,2
752,pNK013_cch,28,14.076,2
753,pNK013_cch,29,-55.948,2
754,pNK013_cch,30,67.606,2
755,pNK013_cch,31,111.656,2
756,pNK013_cch,32,103.686,2
757,pNK013_cch,33,105.502,2
758,pNK013_cch,34,109.958,2
759,pNK013_cch,35,129.504,2
760,pNK013_cch,36,149.614,2
761,pNK013_cch,37,221.244,2
762,pNK013_cch,38,410.208,2
763,pNK013_cch,39,502.394,2
764,pNK013_cch,40,552.496,2
765,pNK013_cch,41,622.386,2
766,pNK013_cch,42,719.614,2
767,pNK013_cch,43,821.956,2
768,pNK013_cch,44,927.68,2
769,pNK013_cch,45,972.184,2
770,pNK013_cch,46,1092.208,2
771,pNK013_cch,47,1269.422,2
772,pNK013_cch,48,1180.714,2
773,pNK013_cch,49,1200.386,2
774,pNK013_cch,50,1219.184,2
775,pNK013_cch,51,1229.772,2
776,pNK013_cch,52,1247.348,2
777,pNK013_cch,53,1268.08,2
778,pNK013_cch,54,1285.56,2
779,pNK013_cch,55,1305.154,2
780,pNK013_cch,56,1320.744,2
781,pNK013_cch,57,1330.214,2
782,pNK013_cch,58,1339.432,2
783,pNK013_cch,59,1350.736,2
784,pNK013_cch,60,1363.86,2
785,pNK013_cch,61,1373.076,2
786,pNK013_cch,62,1366.998,2
787,pNK013_cch,63,1365.394,2
788,pNK013_cch,64,1358.242,2
789,pNK013_cch,65,1344.308,2
790,pNK013_cch,66,1340.706,2
791,pNK013_cch,67,1324.648,2
792,pNK013_cch,68,1310.178,2
793,pNK013_cch,69,1288.094,2
794,pNK013_cch,70,1261.274,2
795,pNK013_cch,71,1235.326,2
796,pNK013_cch,72,1201.722,2
797,pNK013_cch,73,1168.244,2
798,pNK013_cch,74,1136.156,2
799,pNK013_cch,75,1098.904,2
800,pNK013_cch,76,1059.542,2
801,pNK013_cch,77,1026.562,2
802,pNK013_cch,78,989.512,2
803,pNK013_cch,79,955.094,2
804,pNK013_cch,80,923.544,2
805,pNK013_cch,81,890.174,2
806,pNK013_cch,82,862.268,2
807,pNK013_cch,83,835.532,2
808,pNK013_cch,84,815.726,2
809,pNK013_cch,85,798.762,2
810,pNK013_cch,86,779.066,2
811,pNK013_cch,87,765.988,2
812,pNK013_cch,88,747.392,2
813,pNK013_cch,89,733.82,2
814,pNK013_cch,90,723.082,2
815,pNK013_cch,91,706.316,2
816,pNK013_cch,92,689.964,2
817,pNK013_cch,93,675.556,2
818,pNK013_cch,94,661.25,2
819,pNK013_cch,95,646.696,2
820,pNK013_cch,96,637.562,2
821,pNK013_cch,97,630.668,2
822,pNK013_cch,98,618.848,2
823,pNK013_cch,99,614.458,2
824,pNK013_cch,100,605.442,2
825,pNK013_cch,101,601.24,2
826,pNK013_cch,102,595.892,2
827,pNK013_cch,103,590.084,2
828,pNK013_cch,104,589.43,2
829,pNK013_cch,105,590.568,2
830,pNK013_cch,106,585.836,2
831,pNK013_cch,107,591.598,2
832,pNK013_cch,108,596.694,2
833,pNK013_cch,109,604.218,2
834,pNK013_cch,110,609.548,2
835,pNK013_cch,111,610.48,2
836,pNK013_cch,112,606.156,2
837,pNK013_cch,113,599.368,2
838,pNK013_cch,114,598.886,2
839,pNK013_cch,115,596.064,2
840,pNK013_cch,116,596.052,2
841,pNK013_cch,117,597.764,2
842,pNK013_cch,118,596.596,2
843,pNK013_cch,119,589.512,2
844,pNK013_cch,120,589.024,2
845,pNK013_cch,121,586.058,2
846,pNK013_cch,122,589.572,2
847,pNK013_cch,123,590.688,2
848,pNK013_cch,124,592.452,2
849,pNK013_cch,125,588.566,2
850,pNK013_cch,126,585.946,2
851,pNK013_cch,127,584.198,2
852,pNK013_cch,128,579.744,2
853,pNK013_cch,129,580.226,2
854,pNK013_cch,130,580.038,2
855,pNK013_cch,131,579.946,2
856,pNK013_cch,132,574.39,2
857,pNK013_cch,133,572.732,2
858,pNK013_cch,134,570.89,2
859,pNK013_cch,135,569.324,2
860,pNK013_cch,136,567.288,2
861,pNK013_cch,137,565.698,2
862,pNK013_cch,138,568.02,2
863,pNK013_cch,139,570.376,2
864,pNK013_cch,140,570.21,2
865,pNK013_cch,141,567.586,2
866,pNK013_cch,142,567.426,2
867,pNK013_cch,143,569.972,2
868,pNK013_cch,144,569.308,2
869,pNK013_cch,145,569.644,2
870,pNK013_cch,146,567.61,2
871,pNK013_cch,147,571.55,2
872,pNK013_cch,148,569.242,2
873,pNK013_cch,149,572.72,2
874,pNK013_cch,150,567.974,2
875,pNK013_cch,151,561.148,2
876,pNK013_cch,152,557.262,2
877,pNK013_cch,153,554.516,2
878,pNK013_cch,154,552.252,2
879,pNK013_cch,155,550.042,2
880,pNK013_cch,156,544.11,2
881,pNK013_cch,157,543.566,2
882,pNK013_cch,158,540.412,2
883,pNK013_cch,159,531.696,2
884,pNK013_cch,160,528.956,2
885,pNK013_cch,161,526.366,2
886,pNK013_cch,162,519.666,2
887,pNK013_cch,163,509.782,2
888,pNK013_cch,164,505.034,2
889,pNK013_cch,165,499.53,2
890,pNK013_cch,166,497.288,2
891,pNK013_cch,167,496.266,2
892,pNK013_cch,168,490.488,2
893,pNK013_cch,169,486.274,2
894,pNK013_cch,170,483.586,2
895,pNK013_cch,171,481.332,2
896,pNK013_cch,172,481.872,2
897,pNK013_cch,173,477.906,2
898,pNK013_cch,174,479.952,2
899,pNK013_cch,175,478.482,2
900,pNK013_cch,176,477.232,2
901,pNK013_cch,177,470.698,2
902,pNK013_cch,178,469.89,2
903,pNK013_cch,179,465.566,2
904,pNK013_cch,180,465.166,2
905,pNK013_cch,181,460.736,2
906,pNK013_ionomycin,1,83.81,2
907,pNK013_ionomycin,2,76.984,2
908,pNK013_ionomycin,3,70.756,2
909,pNK013_ionomycin,4,66.718,2
910,pNK013_ionomycin,5,60.666,2
911,pNK013_ionomycin,6,58.354,2
912,pNK013_ionomycin,7,57.852,2
913,pNK013_ionomycin,8,53.81,2
914,pNK013_ionomycin,9,49.998,2
915,pNK013_ionomycin,10,46.806,2
916,pNK013_ionomycin,11,43.542,2
917,pNK013_ionomycin,12,43.238,2
918,pNK013_ionomycin,13,38.382,2
919,pNK013_ionomycin,14,37.074,2
920,pNK013_ionomycin,15,36.99,2
921,pNK013_ionomycin,16,32.49,2
922,pNK013_ionomycin,17,33.158,2
923,pNK013_ionomycin,18,32.602,2
924,pNK013_ionomycin,19,31.472,2
925,pNK013_ionomycin,20,26.26,2
926,pNK013_ionomycin,21,26.696,2
927,pNK013_ionomycin,22,27.942,2
928,pNK013_ionomycin,23,27.552,2
929,pNK013_ionomycin,24,26.818,2
930,pNK013_ionomycin,25,27.046,2
931,pNK013_ionomycin,26,25.118,2
932,pNK013_ionomycin,27,25.204,2
933,pNK013_ionomycin,28,24.17,2
934,pNK013_ionomycin,29,21.608,2
935,pNK013_ionomycin,30,23.382,2
936,pNK013_ionomycin,31,24.634,2
937,pNK013_ionomycin,32,22.6,2
938,pNK013_ionomycin,33,61.026,2
939,pNK013_ionomycin,34,-9.078,2
940,pNK013_ionomycin,35,76.292,2
941,pNK013_ionomycin,36,760.398,2
942,pNK013_ionomycin,37,1309.792,2
943,pNK013_ionomycin,38,1712.868,2
944,pNK013_ionomycin,39,1958.732,2
945,pNK013_ionomycin,40,2030.838,2
946,pNK013_ionomycin,41,2068.584,2
947,pNK013_ionomycin,42,2098.04,2
948,pNK013_ionomycin,43,2126.55,2
949,pNK013_ionomycin,44,2147.418,2
950,pNK013_ionomycin,45,2163.14,2
951,pNK013_ionomycin,46,2182.492,2
952,pNK013_ionomycin,47,2198.716,2
953,pNK013_ionomycin,48,2199.6,2
954,pNK013_ionomycin,49,2198.708,2
955,pNK013_ionomycin,50,2199.272,2
956,pNK013_ionomycin,51,2205.224,2
957,pNK013_ionomycin,52,2206.652,2
958,pNK013_ionomycin,53,2204.782,2
959,pNK013_ionomycin,54,2196.928,2
960,pNK013_ionomycin,55,2184.6,2
961,pNK013_ionomycin,56,2179.626,2
962,pNK013_ionomycin,57,2170.95,2
963,pNK013_ionomycin,58,2164.014,2
964,pNK013_ionomycin,59,2157.602,2
965,pNK013_ionomycin,60,2145.528,2
966,pNK013_ionomycin,61,2138.754,2
967,pNK013_ionomycin,62,2128.392,2
968,pNK013_ionomycin,63,2120.82,2
969,pNK013_ionomycin,64,2110.562,2
970,pNK013_ionomycin,65,2107.776,2
971,pNK013_ionomycin,66,2099.08,2
972,pNK013_ionomycin,67,2088.48,2
973,pNK013_ionomycin,68,2079.414,2
974,pNK013_ionomycin,69,2071.324,2
975,pNK013_ionomycin,70,2063.02,2
976,pNK013_ionomycin,71,2051.378,2
977,pNK013_ionomycin,72,2041.074,2
978,pNK013_ionomycin,73,2031.37,2
979,pNK013_ionomycin,74,2017.762,2
980,pNK013_ionomycin,75,2007.626,2
981,pNK013_ionomycin,76,2000.814,2
982,pNK013_ionomycin,77,1995.032,2
983,pNK013_ionomycin,78,1991.278,2
984,pNK013_ionomycin,79,1984.108,2
985,pNK013_ionomycin,80,1977.554,2
986,pNK013_ionomycin,81,1968.408,2
987,pNK013_ionomycin,82,1960.202,2
988,pNK013_ionomycin,83,1953.816,2
989,pNK013_ionomycin,84,1943.25,2
990,pNK013_ionomycin,85,1936.29,2
991,pNK013_ionomycin,86,1927.196,2
992,pNK013_ionomycin,87,1919.362,2
993,pNK013_ionomycin,88,1916.562,2
994,pNK013_ionomycin,89,1907.504,2
995,pNK013_ionomycin,90,1901.23,2
996,pNK013_ionomycin,91,1894.372,2
997,pNK013_ionomycin,92,1886.134,2
998,pNK013_ionomycin,93,1880.826,2
999,pNK013_ionomycin,94,1871.374,2
1000,pNK013_ionomycin,95,1861.954,2
1001,pNK013_ionomycin,96,1854.42,2
1002,pNK013_ionomycin,97,1848.152,2
1003,pNK013_ionomycin,98,1839.43,2
1004,pNK013_ionomycin,99,1833.212,2
1005,pNK013_ionomycin,100,1827.53,2
1006,pNK013_ionomycin,101,1819.836,2
1007,pNK013_ionomycin,102,1812.864,2
1008,pNK013_ionomycin,103,1807.696,2
1009,pNK013_ionomycin,104,1800.548,2
1010,pNK013_ionomycin,105,1797.144,2
1011,pNK013_ionomycin,106,1787.532,2
1012,pNK013_ionomycin,107,1780.372,2
1013,pNK013_ionomycin,108,1770.174,2
1014,pNK013_ionomycin,109,1765.414,2
1015,pNK013_ionomycin,110,1759.512,2
1016,pNK013_ionomycin,111,1751.918,2
1017,pNK013_ionomycin,112,1746.492,2
1018,pNK013_ionomycin,113,1738.58,2
1019,pNK013_ionomycin,114,1733.236,2
1020,pNK013_ionomycin,115,1730.498,2
1021,pNK013_ionomycin,116,1723.846,2
1022,pNK013_ionomycin,117,1717.228,2
1023,pNK013_ionomycin,118,1712.348,2
1024,pNK013_ionomycin,119,1707.854,2
1025,pNK013_ionomycin,120,1703.612,2
1026,pNK013_ionomycin,121,1695.026,2
1027,pNK013_ionomycin,122,1691.188,2
1028,pNK013_ionomycin,123,1684.234,2
1029,pNK013_ionomycin,124,1682.578,2
1030,pNK013_ionomycin,125,1672.518,2
1031,pNK013_ionomycin,126,1665.19,2
1032,pNK013_ionomycin,127,1660.316,2
1033,pNK013_ionomycin,128,1653.144,2
1034,pNK013_ionomycin,129,1649.03,2
1035,pNK013_ionomycin,130,1640.84,2
1036,pNK013_ionomycin,131,1634.568,2
1037,pNK013_ionomycin,132,1628.536,2
1038,pNK013_ionomycin,133,1624.984,2
1039,pNK013_ionomycin,134,1621.462,2
1040,pNK013_ionomycin,135,1616.768,2
1041,pNK013_ionomycin,136,1612.402,2
1042,pNK013_ionomycin,137,1607.072,2
1043,pNK013_ionomycin,138,1602.296,2
1044,pNK013_ionomycin,139,1596.732,2
1045,pNK013_ionomycin,140,1592.708,2
1046,pNK013_ionomycin,141,1588.292,2
1047,pNK013_ionomycin,142,1580.716,2
1048,pNK013_ionomycin,143,1575.988,2
1049,pNK013_ionomycin,144,1572.898,2
1050,pNK013_ionomycin,145,1565.004,2
1051,pNK013_ionomycin,146,1560.094,2
1052,pNK013_ionomycin,147,1558.644,2
1053,pNK013_ionomycin,148,1552.818,2
1054,pNK013_ionomycin,149,1550.306,2
1055,pNK013_ionomycin,150,1545.478,2
1056,pNK013_ionomycin,151,1541.918,2
1057,pNK013_ionomycin,152,1536.978,2
1058,pNK013_ionomycin,153,1532.35,2
1059,pNK013_ionomycin,154,1526.192,2
1060,pNK013_ionomycin,155,1522.936,2
1061,pNK013_ionomycin,156,1515.294,2
1062,pNK013_ionomycin,157,1508.912,2
1063,pNK013_ionomycin,158,1505.554,2
1064,pNK013_ionomycin,159,1503.17,2
1065,pNK013_ionomycin,160,1499.944,2
1066,pNK013_ionomycin,161,1496.594,2
1067,pNK013_ionomycin,162,1492.254,2
1068,pNK013_ionomycin,163,1491.144,2
1069,pNK013_ionomycin,164,1486.168,2
1070,pNK013_ionomycin,165,1479.786,2
1071,pNK013_ionomycin,166,1478.418,2
1072,pNK013_ionomycin,167,1472.446,2
1073,pNK013_ionomycin,168,1466.962,2
1074,pNK013_ionomycin,169,1463.144,2
1075,pNK013_ionomycin,170,1457.444,2
1076,pNK013_ionomycin,171,1453.044,2
1077,pNK013_ionomycin,172,1448.722,2
1078,pNK013_ionomycin,173,1445.25,2
1079,pNK013_ionomycin,174,1439.978,2
1080,pNK013_ionomycin,175,1437.694,2
1081,pNK013_ionomycin,176,1432.308,2
1082,pNK013_ionomycin,177,1428.77,2
1083,pNK013_ionomycin,178,1424.974,2
1084,pNK013_ionomycin,179,1418.142,2
1085,pNK013_ionomycin,180,1415.266,2
1086,pNK013_ionomycin,181,1411.606,2
1087,mCherry_none,1,46.346,2
1088,mCherry_none,2,47.866,2
1089,mCherry_none,3,48.93,2
1090,mCherry_none,4,53.864,2
1091,mCherry_none,5,54.724,2
1092,mCherry_none,6,60.332,2
1093,mCherry_none,7,69.2,2
1094,mCherry_none,8,69.04,2
1095,mCherry_none,9,70.44,2
1096,mCherry_none,10,74.212,2
1097,mCherry_none,11,76.27,2
1098,mCherry_none,12,77.956,2
1099,mCherry_none,13,79.548,2
1100,mCherry_none,14,84.798,2
1101,mCherry_none,15,84.556,2
1102,mCherry_none,16,85.844,2
1103,mCherry_none,17,88.446,2
1104,mCherry_none,18,92.27,2
1105,mCherry_none,19,93.15,2
1106,mCherry_none,20,95.044,2
1107,mCherry_none,21,95.536,2
1108,mCherry_none,22,98.234,2
1109,mCherry_none,23,99.466,2
1110,mCherry_none,24,99.794,2
1111,mCherry_none,25,100.776,2
1112,mCherry_none,26,101.124,2
1113,mCherry_none,27,103.018,2
1114,mCherry_none,28,104.914,2
1115,mCherry_none,29,104.76,2
1116,mCherry_none,30,110.978,2
1117,mCherry_none,31,113.976,2
1118,mCherry_none,32,114.35,2
1119,mCherry_none,33,7.93,2
1120,mCherry_none,34,37.732,2
1121,mCherry_none,35,-72.222,2
1122,mCherry_none,36,22.35,2
1123,mCherry_none,37,151.088,2
1124,mCherry_none,38,255.604,2
1125,mCherry_none,39,289.878,2
1126,mCherry_none,40,290.418,2
1127,mCherry_none,41,284.358,2
1128,mCherry_none,42,286.894,2
1129,mCherry_none,43,286.492,2
1130,mCherry_none,44,291.374,2
1131,mCherry_none,45,299.868,2
1132,mCherry_none,46,304.166,2
1133,mCherry_none,47,303.494,2
1134,mCherry_none,48,296.28,2
1135,mCherry_none,49,287.776,2
1136,mCherry_none,50,274.622,2
1137,mCherry_none,51,267.09,2
1138,mCherry_none,52,260.074,2
1139,mCherry_none,53,256.91,2
1140,mCherry_none,54,255.564,2
1141,mCherry_none,55,255.668,2
1142,mCherry_none,56,256.278,2
1143,mCherry_none,57,255.222,2
1144,mCherry_none,58,251.448,2
1145,mCherry_none,59,248.972,2
1146,mCherry_none,60,240.434,2
1147,mCherry_none,61,236.228,2
1148,mCherry_none,62,226.252,2
1149,mCherry_none,63,225.376,2
1150,mCherry_none,64,223.83,2
1151,mCherry_none,65,223.432,2
1152,mCherry_none,66,222.094,2
1153,mCherry_none,67,221.938,2
1154,mCherry_none,68,225.33,2
1155,mCherry_none,69,227.008,2
1156,mCherry_none,70,231.734,2
1157,mCherry_none,71,235.22,2
1158,mCherry_none,72,234.81,2
1159,mCherry_none,73,234.878,2
1160,mCherry_none,74,237.852,2
1161,mCherry_none,75,236.29,2
1162,mCherry_none,76,237.912,2
1163,mCherry_none,77,234.808,2
1164,mCherry_none,78,233.074,2
1165,mCherry_none,79,233.918,2
1166,mCherry_none,80,235.224,2
1167,mCherry_none,81,234.626,2
1168,mCherry_none,82,235.402,2
1169,mCherry_none,83,236.286,2
1170,mCherry_none,84,234.974,2
1171,mCherry_none,85,237.176,2
1172,mCherry_none,86,237.27,2
1173,mCherry_none,87,235.22,2
1174,mCherry_none,88,240.044,2
1175,mCherry_none,89,239.03,2
1176,mCherry_none,90,242.094,2
1177,mCherry_none,91,243.568,2
1178,mCherry_none,92,243.442,2
1179,mCherry_none,93,243.084,2
1180,mCherry_none,94,246.836,2
1181,mCherry_none,95,248.868,2
1182,mCherry_none,96,249.602,2
1183,mCherry_none,97,250.134,2
1184,mCherry_none,98,252.292,2
1185,mCherry_none,99,255.068,2
1186,mCherry_none,100,256.794,2
1187,mCherry_none,101,257.108,2
1188,mCherry_none,102,259.74,2
1189,mCherry_none,103,260.19,2
1190,mCherry_none,104,265.226,2
1191,mCherry_none,105,265.374,2
1192,mCherry_none,106,267.458,2
1193,mCherry_none,107,268.548,2
1194,mCherry_none,108,268.052,2
1195,mCherry_none,109,269.114,2
1196,mCherry_none,110,271.148,2
1197,mCherry_none,111,272.558,2
1198,mCherry_none,112,273.726,2
1199,mCherry_none,113,271.308,2
1200,mCherry_none,114,270.87,2
1201,mCherry_none,115,274.682,2
1202,mCherry_none,116,274.968,2
1203,mCherry_none,117,275.338,2
1204,mCherry_none,118,278.274,2
1205,mCherry_none,119,279.002,2
1206,mCherry_none,120,276.65,2
1207,mCherry_none,121,278.506,2
1208,mCherry_none,122,282.472,2
1209,mCherry_none,123,281.846,2
1210,mCherry_none,124,282.82,2
1211,mCherry_none,125,284.804,2
1212,mCherry_none,126,285.26,2
1213,mCherry_none,127,284.67,2
1214,mCherry_none,128,288.324,2
1215,mCherry_none,129,289.214,2
1216,mCherry_none,130,290.976,2
1217,mCherry_none,131,288.756,2
1218,mCherry_none,132,284.626,2
1219,mCherry_none,133,288.696,2
1220,mCherry_none,134,286.284,2
1221,mCherry_none,135,286.726,2
1222,mCherry_none,136,285.782,2
1223,mCherry_none,137,282.738,2
1224,mCherry_none,138,290.218,2
1225,mCherry_none,139,288.656,2
1226,mCherry_none,140,290.812,2
1227,mCherry_none,141,287.022,2
1228,mCherry_none,142,291.488,2
1229,mCherry_none,143,294.534,2
1230,mCherry_none,144,293.288,2
1231,mCherry_none,145,294.406,2
1232,mCherry_none,146,297.478,2
1233,mCherry_none,147,299.888,2
1234,mCherry_none,148,308.244,2
1235,mCherry_none,149,312.76,2
1236,mCherry_none,150,315.402,2
1237,mCherry_none,151,315.386,2
1238,mCherry_none,152,318.168,2
1239,mCherry_none,153,318.13,2
1240,mCherry_none,154,318.108,2
1241,mCherry_none,155,320.282,2
1242,mCherry_none,156,322.002,2
1243,mCherry_none,157,321.288,2
1244,mCherry_none,158,313.51,2
1245,mCherry_none,159,310.878,2
1246,mCherry_none,160,310.128,2
1247,mCherry_none,161,306.69,2
1248,mCherry_none,162,303.382,2
1249,mCherry_none,163,302.476,2
1250,mCherry_none,164,303.186,2
1251,mCherry_none,165,305.478,2
1252,mCherry_none,166,307.078,2
1253,mCherry_none,167,303.13,2
1254,mCherry_none,168,305.648,2
1255,mCherry_none,169,303.388,2
1256,mCherry_none,170,304.616,2
1257,mCherry_none,171,303.612,2
1258,mCherry_none,172,302.136,2
1259,mCherry_none,173,300.634,2
1260,mCherry_none,174,300.776,2
1261,mCherry_none,175,299.752,2
1262,mCherry_none,176,299.31,2
1263,mCherry_none,177,300.388,2
1264,mCherry_none,178,302.51,2
1265,mCherry_none,179,302.674,2
1266,mCherry_none,180,300.552,2
1267,mCherry_none,181,297.932,2
1268,mCherry_cch,1,79.782,2
1269,mCherry_cch,2,83.184,2
1270,mCherry_cch,3,87.826,2
1271,mCherry_cch,4,92.882,2
1272,mCherry_cch,5,96.648,2
1273,mCherry_cch,6,98.092,2
1274,mCherry_cch,7,101.978,2
1275,mCherry_cch,8,101.104,2
1276,mCherry_cch,9,102.392,2
1277,mCherry_cch,10,108.284,2
1278,mCherry_cch,11,108.29,2
1279,mCherry_cch,12,108.892,2
1280,mCherry_cch,13,112.552,2
1281,mCherry_cch,14,112.436,2
1282,mCherry_cch,15,113.992,2
1283,mCherry_cch,16,116.116,2
1284,mCherry_cch,17,119.224,2
1285,mCherry_cch,18,117.074,2
1286,mCherry_cch,19,117.564,2
1287,mCherry_cch,20,118.484,2
1288,mCherry_cch,21,119.002,2
1289,mCherry_cch,22,118.984,2
1290,mCherry_cch,23,120.572,2
1291,mCherry_cch,24,120.676,2
1292,mCherry_cch,25,121.126,2
1293,mCherry_cch,26,120.35,2
1294,mCherry_cch,27,121.412,2
1295,mCherry_cch,28,118.416,2
1296,mCherry_cch,29,120.536,2
1297,mCherry_cch,30,119.542,2
1298,mCherry_cch,31,120.57,2
1299,mCherry_cch,32,119.662,2
1300,mCherry_cch,33,208.988,2
1301,mCherry_cch,34,151.896,2
1302,mCherry_cch,35,134.73,2
1303,mCherry_cch,36,249.268,2
1304,mCherry_cch,37,399.28,2
1305,mCherry_cch,38,535.832,2
1306,mCherry_cch,39,677.166,2
1307,mCherry_cch,40,794.216,2
1308,mCherry_cch,41,891.388,2
1309,mCherry_cch,42,944.912,2
1310,mCherry_cch,43,964.676,2
1311,mCherry_cch,44,991.552,2
1312,mCherry_cch,45,1022.672,2
1313,mCherry_cch,46,1042.484,2
1314,mCherry_cch,47,1050.568,2
1315,mCherry_cch,48,1046.742,2
1316,mCherry_cch,49,1044.67,2
1317,mCherry_cch,50,1036.244,2
1318,mCherry_cch,51,1027.448,2
1319,mCherry_cch,52,1017.278,2
1320,mCherry_cch,53,1007.314,2
1321,mCherry_cch,54,998.938,2
1322,mCherry_cch,55,988.246,2
1323,mCherry_cch,56,971.046,2
1324,mCherry_cch,57,958.504,2
1325,mCherry_cch,58,945.864,2
1326,mCherry_cch,59,933.056,2
1327,mCherry_cch,60,923.194,2
1328,mCherry_cch,61,910.652,2
1329,mCherry_cch,62,899.254,2
1330,mCherry_cch,63,885.076,2
1331,mCherry_cch,64,870.776,2
1332,mCherry_cch,65,854.588,2
1333,mCherry_cch,66,837.128,2
1334,mCherry_cch,67,822.812,2
1335,mCherry_cch,68,805.85,2
1336,mCherry_cch,69,789.18,2
1337,mCherry_cch,70,775.424,2
1338,mCherry_cch,71,760.894,2
1339,mCherry_cch,72,745.52,2
1340,mCherry_cch,73,735.52,2
1341,mCherry_cch,74,726.044,2
1342,mCherry_cch,75,711.114,2
1343,mCherry_cch,76,693.57,2
1344,mCherry_cch,77,683.822,2
1345,mCherry_cch,78,673.108,2
1346,mCherry_cch,79,665.408,2
1347,mCherry_cch,80,661.356,2
1348,mCherry_cch,81,653.042,2
1349,mCherry_cch,82,656.848,2
1350,mCherry_cch,83,662.058,2
1351,mCherry_cch,84,668.496,2
1352,mCherry_cch,85,674.072,2
1353,mCherry_cch,86,682.446,2
1354,mCherry_cch,87,688.1,2
1355,mCherry_cch,88,690.4,2
1356,mCherry_cch,89,691.656,2
1357,mCherry_cch,90,692.32,2
1358,mCherry_cch,91,697.432,2
1359,mCherry_cch,92,699.174,2
1360,mCherry_cch,93,709.126,2
1361,mCherry_cch,94,715.882,2
1362,mCherry_cch,95,721.182,2
1363,mCherry_cch,96,730.8,2
1364,mCherry_cch,97,739.976,2
1365,mCherry_cch,98,744.814,2
1366,mCherry_cch,99,752.684,2
1367,mCherry_cch,100,760.998,2
1368,mCherry_cch,101,772.876,2
1369,mCherry_cch,102,783.836,2
1370,mCherry_cch,103,795.588,2
1371,mCherry_cch,104,806.946,2
1372,mCherry_cch,105,821.58,2
1373,mCherry_cch,106,832.466,2
1374,mCherry_cch,107,845.854,2
1375,mCherry_cch,108,859.664,2
1376,mCherry_cch,109,873.94,2
1377,mCherry_cch,110,895.77,2
1378,mCherry_cch,111,906.438,2
1379,mCherry_cch,112,925.578,2
1380,mCherry_cch,113,941.43,2
1381,mCherry_cch,114,954.252,2
1382,mCherry_cch,115,968.608,2
1383,mCherry_cch,116,976.134,2
1384,mCherry_cch,117,979.518,2
1385,mCherry_cch,118,984.088,2
1386,mCherry_cch,119,988.19,2
1387,mCherry_cch,120,989.764,2
1388,mCherry_cch,121,990.66,2
1389,mCherry_cch,122,996.706,2
1390,mCherry_cch,123,1000.512,2
1391,mCherry_cch,124,1004.398,2
1392,mCherry_cch,125,1006.776,2
1393,mCherry_cch,126,1013.888,2
1394,mCherry_cch,127,1016.508,2
1395,mCherry_cch,128,1017.952,2
1396,mCherry_cch,129,1017.778,2
1397,mCherry_cch,130,1014.628,2
1398,mCherry_cch,131,1016.73,2
1399,mCherry_cch,132,1020.678,2
1400,mCherry_cch,133,1024.512,2
1401,mCherry_cch,134,1025.014,2
1402,mCherry_cch,135,1030.314,2
1403,mCherry_cch,136,1030.11,2
1404,mCherry_cch,137,1032.474,2
1405,mCherry_cch,138,1031.454,2
1406,mCherry_cch,139,1032.322,2
1407,mCherry_cch,140,1033.87,2
1408,mCherry_cch,141,1037.6,2
1409,mCherry_cch,142,1040.264,2
1410,mCherry_cch,143,1037.486,2
1411,mCherry_cch,144,1035.358,2
1412,mCherry_cch,145,1033.042,2
1413,mCherry_cch,146,1028.104,2
1414,mCherry_cch,147,1025.31,2
1415,mCherry_cch,148,1022.6,2
1416,mCherry_cch,149,1016.932,2
1417,mCherry_cch,150,1009.454,2
1418,mCherry_cch,151,1007.976,2
1419,mCherry_cch,152,1002.4,2
1420,mCherry_cch,153,998.216,2
1421,mCherry_cch,154,998.556,2
1422,mCherry_cch,155,993.272,2
1423,mCherry_cch,156,992.47,2
1424,mCherry_cch,157,984.65,2
1425,mCherry_cch,158,979.6,2
1426,mCherry_cch,159,972.888,2
1427,mCherry_cch,160,967.982,2
1428,mCherry_cch,161,963.362,2
1429,mCherry_cch,162,957.21,2
1430,mCherry_cch,163,953.342,2
1431,mCherry_cch,164,948.522,2
1432,mCherry_cch,165,941.238,2
1433,mCherry_cch,166,933.326,2
1434,mCherry_cch,167,927.698,2
1435,mCherry_cch,168,920.756,2
1436,mCherry_cch,169,917.784,2
1437,mCherry_cch,170,907.842,2
1438,mCherry_cch,171,903.542,2
1439,mCherry_cch,172,898.702,2
1440,mCherry_cch,173,893.02,2
1441,mCherry_cch,174,888.172,2
1442,mCherry_cch,175,880.444,2
1443,mCherry_cch,176,873.112,2
1444,mCherry_cch,177,868.434,2
1445,mCherry_cch,178,862.51,2
1446,mCherry_cch,179,861.156,2
1447,mCherry_cch,180,857.736,2
1448,mCherry_cch,181,850.008,2
1449,mCherry_ionomycin,1,63.086,2
1450,mCherry_ionomycin,2,66.618,2
1451,mCherry_ionomycin,3,67.438,2
1452,mCherry_ionomycin,4,69.59,2
1453,mCherry_ionomycin,5,66.816,2
1454,mCherry_ionomycin,6,67.336,2
1455,mCherry_ionomycin,7,67.89,2
1456,mCherry_ionomycin,8,64.588,2
1457,mCherry_ionomycin,9,71.972,2
1458,mCherry_ionomycin,10,71.41,2
1459,mCherry_ionomycin,11,79.788,2
1460,mCherry_ionomycin,12,82.634,2
1461,mCherry_ionomycin,13,85.97,2
1462,mCherry_ionomycin,14,86.652,2
1463,mCherry_ionomycin,15,91.048,2
1464,mCherry_ionomycin,16,91.626,2
1465,mCherry_ionomycin,17,91.822,2
1466,mCherry_ionomycin,18,96.394,2
1467,mCherry_ionomycin,19,96.51,2
1468,mCherry_ionomycin,20,94.03,2
1469,mCherry_ionomycin,21,95.246,2
1470,mCherry_ionomycin,22,93.778,2
1471,mCherry_ionomycin,23,94.742,2
1472,mCherry_ionomycin,24,92.708,2
1473,mCherry_ionomycin,25,92.236,2
1474,mCherry_ionomycin,26,93.372,2
1475,mCherry_ionomycin,27,94.962,2
1476,mCherry_ionomycin,28,95.846,2
1477,mCherry_ionomycin,29,96.126,2
1478,mCherry_ionomycin,30,99.762,2
1479,mCherry_ionomycin,31,99.368,2
1480,mCherry_ionomycin,32,33.326,2
1481,mCherry_ionomycin,33,-41.834,2
1482,mCherry_ionomycin,34,852.782,2
1483,mCherry_ionomycin,35,1636.934,2
1484,mCherry_ionomycin,36,1980.152,2
1485,mCherry_ionomycin,37,2058.824,2
1486,mCherry_ionomycin,38,2103.692,2
1487,mCherry_ionomycin,39,2107.012,2
1488,mCherry_ionomycin,40,2137.182,2
1489,mCherry_ionomycin,41,2188.68,2
1490,mCherry_ionomycin,42,2224,2
1491,mCherry_ionomycin,43,2241.962,2
1492,mCherry_ionomycin,44,2267.632,2
1493,mCherry_ionomycin,45,2287.864,2
1494,mCherry_ionomycin,46,2301.754,2
1495,mCherry_ionomycin,47,2316.086,2
1496,mCherry_ionomycin,48,2317.006,2
1497,mCherry_ionomycin,49,2320.912,2
1498,mCherry_ionomycin,50,2319.886,2
1499,mCherry_ionomycin,51,2322.148,2
1500,mCherry_ionomycin,52,2323.432,2
1501,mCherry_ionomycin,53,2326.984,2
1502,mCherry_ionomycin,54,2323.544,2
1503,mCherry_ionomycin,55,2314.076,2
1504,mCherry_ionomycin,56,2307.862,2
1505,mCherry_ionomycin,57,2302.526,2
1506,mCherry_ionomycin,58,2297.79,2
1507,mCherry_ionomycin,59,2297.552,2
1508,mCherry_ionomycin,60,2290.008,2
1509,mCherry_ionomycin,61,2277.166,2
1510,mCherry_ionomycin,62,2267.896,2
1511,mCherry_ionomycin,63,2256.936,2
1512,mCherry_ionomycin,64,2249.942,2
1513,mCherry_ionomycin,65,2242.702,2
1514,mCherry_ionomycin,66,2228.624,2
1515,mCherry_ionomycin,67,2220.772,2
1516,mCherry_ionomycin,68,2210.668,2
1517,mCherry_ionomycin,69,2201.846,2
1518,mCherry_ionomycin,70,2193.006,2
1519,mCherry_ionomycin,71,2181.26,2
1520,mCherry_ionomycin,72,2174.098,2
1521,mCherry_ionomycin,73,2164.568,2
1522,mCherry_ionomycin,74,2155.916,2
1523,mCherry_ionomycin,75,2146.3,2
1524,mCherry_ionomycin,76,2134.958,2
1525,mCherry_ionomycin,77,2124.48,2
1526,mCherry_ionomycin,78,2114.68,2
1527,mCherry_ionomycin,79,2105.156,2
1528,mCherry_ionomycin,80,2095.36,2
1529,mCherry_ionomycin,81,2084.202,2
1530,mCherry_ionomycin,82,2072.784,2
1531,mCherry_ionomycin,83,2061.318,2
1532,mCherry_ionomycin,84,2055.036,2
1533,mCherry_ionomycin,85,2044.67,2
1534,mCherry_ionomycin,86,2035.406,2
1535,mCherry_ionomycin,87,2024.904,2
1536,mCherry_ionomycin,88,2016.264,2
1537,mCherry_ionomycin,89,2009.756,2
1538,mCherry_ionomycin,90,1998.306,2
1539,mCherry_ionomycin,91,1991.818,2
1540,mCherry_ionomycin,92,1980.66,2
1541,mCherry_ionomycin,93,1973.564,2
1542,mCherry_ionomycin,94,1964.69,2
1543,mCherry_ionomycin,95,1955.608,2
1544,mCherry_ionomycin,96,1947.742,2
1545,mCherry_ionomycin,97,1938.054,2
1546,mCherry_ionomycin,98,1929.796,2
1547,mCherry_ionomycin,99,1924.52,2
1548,mCherry_ionomycin,100,1915.266,2
1549,mCherry_ionomycin,101,1908.912,2
1550,mCherry_ionomycin,102,1903.132,2
1551,mCherry_ionomycin,103,1893.606,2
1552,mCherry_ionomycin,104,1886.74,2
1553,mCherry_ionomycin,105,1879.05,2
1554,mCherry_ionomycin,106,1873.92,2
1555,mCherry_ionomycin,107,1866.278,2
1556,mCherry_ionomycin,108,1861.084,2
1557,mCherry_ionomycin,109,1854.406,2
1558,mCherry_ionomycin,110,1851.942,2
1559,mCherry_ionomycin,111,1842.838,2
1560,mCherry_ionomycin,112,1834.51,2
1561,mCherry_ionomycin,113,1830.064,2
1562,mCherry_ionomycin,114,1823.504,2
1563,mCherry_ionomycin,115,1819.516,2
1564,mCherry_ionomycin,116,1811.386,2
1565,mCherry_ionomycin,117,1804.96,2
1566,mCherry_ionomycin,118,1800.182,2
1567,mCherry_ionomycin,119,1794.404,2
1568,mCherry_ionomycin,120,1790.536,2
1569,mCherry_ionomycin,121,1782.602,2
1570,mCherry_ionomycin,122,1778.142,2
1571,mCherry_ionomycin,123,1773.484,2
1572,mCherry_ionomycin,124,1767.586,2
1573,mCherry_ionomycin,125,1763.528,2
1574,mCherry_ionomycin,126,1757.022,2
1575,mCherry_ionomycin,127,1753.354,2
1576,mCherry_ionomycin,128,1749.722,2
1577,mCherry_ionomycin,129,1742.534,2
1578,mCherry_ionomycin,130,1740.684,2
1579,mCherry_ionomycin,131,1735.078,2
1580,mCherry_ionomycin,132,1728.962,2
1581,mCherry_ionomycin,133,1723.678,2
1582,mCherry_ionomycin,134,1719.31,2
1583,mCherry_ionomycin,135,1711.02,2
1584,mCherry_ionomycin,136,1708.24,2
1585,mCherry_ionomycin,137,1704.838,2
1586,mCherry_ionomycin,138,1699.352,2
1587,mCherry_ionomycin,139,1694.68,2
1588,mCherry_ionomycin,140,1689.474,2
1589,mCherry_ionomycin,141,1686.378,2
1590,mCherry_ionomycin,142,1680.19,2
1591,mCherry_ionomycin,143,1674.742,2
1592,mCherry_ionomycin,144,1670.622,2
1593,mCherry_ionomycin,145,1668.02,2
1594,mCherry_ionomycin,146,1661.65,2
1595,mCherry_ionomycin,147,1656.252,2
1596,mCherry_ionomycin,148,1650.432,2
1597,mCherry_ionomycin,149,1649.266,2
1598,mCherry_ionomycin,150,1643.85,2
1599,mCherry_ionomycin,151,1638.862,2
1600,mCherry_ionomycin,152,1636.85,2
1601,mCherry_ionomycin,153,1630.718,2
1602,mCherry_ionomycin,154,1629.108,2
1603,mCherry_ionomycin,155,1625.048,2
1604,mCherry_ionomycin,156,1619.234,2
1605,mCherry_ionomycin,157,1615.664,2
1606,mCherry_ionomycin,158,1617.688,2
1607,mCherry_ionomycin,159,1612.16,2
1608,mCherry_ionomycin,160,1607.864,2
1609,mCherry_ionomycin,161,1602.398,2
1610,mCherry_ionomycin,162,1601.556,2
1611,mCherry_ionomycin,163,1597.352,2
1612,mCherry_ionomycin,164,1591.892,2
1613,mCherry_ionomycin,165,1587.522,2
1614,mCherry_ionomycin,166,1585.588,2
1615,mCherry_ionomycin,167,1581.692,2
1616,mCherry_ionomycin,168,1577.542,2
1617,mCherry_ionomycin,169,1574.446,2
1618,mCherry_ionomycin,170,1572.238,2
1619,mCherry_ionomycin,171,1568.574,2
1620,mCherry_ionomycin,172,1564.528,2
1621,mCherry_ionomycin,173,1559.892,2
1622,mCherry_ionomycin,174,1555.666,2
1623,mCherry_ionomycin,175,1554.46,2
1624,mCherry_ionomycin,176,1550.394,2
1625,mCherry_ionomycin,177,1549.012,2
1626,mCherry_ionomycin,178,1545.522,2
1627,mCherry_ionomycin,179,1542.33,2
1628,mCherry_ionomycin,180,1537.292,2
1629,mCherry_ionomycin,181,1534.788,2