"attB","attP","final_freq","start_freq","rep","enrichment"
"GA","GT",0.0389469122240912,0.26093416591394,1,0.149259534824337
"GC","GT",0.0465719508427448,0.230262210527694,1,0.202256161512632
"GG","GT",0.0579236895403522,0.254624356910026,1,0.22748683685756
"GT","GT",0.856557447392812,0.254179266648339,1,3.36989502994306
"GA","GA",0.904497841193435,0.26093416591394,1,3.46638332326228
"GC","GA",0.0211725866189552,0.230262210527694,1,0.0919498973384899
"GG","GA",0.0366257862753428,0.254624356910026,1,0.143842430157948
"GT","GA",0.0377037859122666,0.254179266648339,1,0.148335410710073
"GA","GC",0.0616496980071625,0.26093416591394,1,0.236265334557589
"GC","GC",0.801557608982923,0.230262210527694,1,3.48106450965613
"GG","GC",0.0186626966711685,0.254624356910026,1,0.0732950174038656
"GT","GC",0.118129996338746,0.254179266648339,1,0.464750716675017
"GA","GG",0.053164267721876,0.26093416591394,1,0.203745904778948
"GC","GG",0.0154473063328878,0.230262210527694,1,0.0670857206551049
"GG","GG",0.898653121106664,0.254624356910026,1,3.52932897705545
"GT","GG",0.0327353048385722,0.254179266648339,1,0.128788257477593
"GA","GT",0.0698811881188119,0.26093416591394,2,0.267811568002404
"GC","GT",0.0624158415841584,0.230262210527694,2,0.27106419868514
"GG","GT",0.0632079207920792,0.254624356910026,2,0.248239883878879
"GT","GT",0.80449504950495,0.254179266648339,2,3.16506952008002
"GA","GA",0.781790191334946,0.26093416591394,2,2.99612045282254
"GC","GA",0.0585660875302397,0.230262210527694,2,0.254345198007191
"GG","GA",0.0703100945678469,0.254624356910026,2,0.276132634839375
"GT","GA",0.0893336265669672,0.254179266648339,2,0.351459140412745
"GA","GC",0.0858104477189807,0.26093416591394,2,0.328858612356966
"GC","GC",0.745510082869022,0.230262210527694,2,3.23765710908677
"GG","GC",0.0593941793704217,0.254624356910026,2,0.233261971050983
"GT","GC",0.109285290041576,0.254179266648339,2,0.429953597249038
"GA","GG",0.0924280127977248,0.26093416591394,2,0.354219664849136
"GC","GG",0.0528572698186989,0.230262210527694,2,0.229552516227328
"GG","GG",0.763130998933523,0.254624356910026,2,2.99708562132248
"GT","GG",0.0915837184500533,0.254179266648339,2,0.360311522091063
"GA","GT",0.0664403841987434,0.26093416591394,3,0.25462508509007
"GC","GT",0.0552105149129775,0.230262210527694,3,0.239772365541229
"GG","GT",0.0538564309958836,0.254624356910026,3,0.211513272529989
"GT","GT",0.824492669892395,0.254179266648339,3,3.24374478203642
"GA","GA",0.808024594040675,0.26093416591394,3,3.09666076579321
"GC","GA",0.0524515213621315,0.230262210527694,3,0.227790401394688
"GG","GA",0.0644805297177991,0.254624356910026,3,0.253237869700674
"GT","GA",0.0750433548793946,0.254179266648339,3,0.295237907752791
"GA","GC",0.0807859784249798,0.26093416591394,3,0.309602915133866
"GC","GC",0.766569659307236,0.230262210527694,3,3.32911621733537
"GG","GC",0.0495831601059058,0.254624356910026,3,0.194730624782398
"GT","GC",0.103061202161878,0.254179266648339,3,0.405466596551578
"GA","GG",0.0942639323523537,0.26093416591394,3,0.361255614120855
"GC","GG",0.0471402889673081,0.230262210527694,3,0.204724382951403
"GG","GG",0.780045275983754,0.254624356910026,3,3.06351397584242
"GT","GG",0.0785505026965843,0.254179266648339,3,0.309035838101068
